{"cameraMode":{"drawMode":0,"name":"Shaded","section":"Shading Mode"},"sceneLighting":true,"audioPlay":false,"sceneViewState":{"m_AlwaysRefresh":false,"showFog":true,"showSkybox":true,"showFlares":true,"showImageEffects":true,"showParticleSystems":true,"showVisualEffectGraphs":true,"m_FxEnabled":true},"in2DMode":false,"pivot":{"x":0.38542890548706057,"y":3.9189887046813967,"z":5.933195114135742},"rotation":{"x":0.054035600274801257,"y":-0.8761447072029114,"z":0.10111278295516968,"w":0.46822088956832888},"size":5.63593864440918,"orthographic":true}