{"cameraMode":{"drawMode":0,"name":"Shaded","section":"Shading Mode"},"sceneLighting":true,"audioPlay":false,"sceneViewState":{"m_AlwaysRefresh":false,"showFog":true,"showSkybox":true,"showFlares":true,"showImageEffects":true,"showParticleSystems":true,"showVisualEffectGraphs":true,"m_FxEnabled":true},"in2DMode":false,"pivot":{"x":0.38542890548706057,"y":3.9189887046813967,"z":5.933195114135742},"rotation":{"x":0.07201985269784928,"y":-0.5007638931274414,"z":0.04185979440808296,"w":0.8615667819976807},"size":8.324763298034668,"orthographic":true}