{"cameraMode":{"drawMode":0,"name":"Shaded","section":"Shading Mode"},"sceneLighting":true,"audioPlay":false,"sceneViewState":{"m_AlwaysRefresh":false,"showFog":true,"showSkybox":true,"showFlares":true,"showImageEffects":true,"showParticleSystems":true,"showVisualEffectGraphs":true,"m_FxEnabled":true},"in2DMode":false,"pivot":{"x":3.022456645965576,"y":2.347665309906006,"z":2.024198532104492},"rotation":{"x":0.054035600274801257,"y":-0.8761447072029114,"z":0.10111278295516968,"w":0.46822088956832888},"size":11.709070205688477,"orthographic":true}