{"cameraMode":{"drawMode":0,"name":"Shaded","section":"Shading Mode"},"sceneLighting":true,"audioPlay":false,"sceneViewState":{"m_AlwaysRefresh":false,"showFog":true,"showSkybox":true,"showFlares":true,"showImageEffects":true,"showParticleSystems":true,"showVisualEffectGraphs":true,"m_FxEnabled":true},"in2DMode":false,"pivot":{"x":-2.717783212661743,"y":1.0361475944519044,"z":-3.8417351245880129},"rotation":{"x":0.7016900181770325,"y":-0.011754648759961129,"z":0.011578348465263844,"w":0.7122944593429565},"size":14.20295524597168,"orthographic":true}